timestamp,balance_usdt,activo,operacion,precio_ejecucion,balance_btc,monto_invertido
2026-03-10 11:30:00,10000.0,CASH,START,0.0,0.0,0.0
2026-03-10 11:54:41,10000.0,BTC,SELL_OR_WAIT,70664.3,0.0,0.0
2026-03-10 12:44:50,10000.0,BTC,SELL_OR_WAIT,70447.5,0.0,0.0
2026-03-10 13:58:41,10000.0,BTC,SELL_OR_WAIT,69869.7,0.0,0.0
2026-03-10 14:52:40,10000.0,BTC,SELL_OR_WAIT,70833.0,0.0,0.0
2026-03-10 15:56:15,10000.0,BTC,SELL_OR_WAIT,70992.9,0.0,0.0
2026-03-10 16:53:29,10000.0,BTC,SELL_OR_WAIT,71371.9,0.0,0.0
2026-03-10 17:42:20,10000.0,BTC,SELL_OR_WAIT,70642.3,0.0,0.0
2026-03-10 18:39:56,10000.0,BTC,SELL_OR_WAIT,70124.0,0.0,0.0
2026-03-10 19:34:54,10000.0,BTC,SELL_OR_WAIT,69866.9,0.0,0.0
2026-03-10 20:27:41,10000.0,BTC,SELL_OR_WAIT,70200.2,0.0,0.0
2026-03-10 21:25:15,10000.0,BTC,SELL_OR_WAIT,70031.5,0.0,0.0
2026-03-10 22:22:24,10000.0,BTC,SELL_OR_WAIT,69516.9,0.0,0.0
2026-03-10 23:22:09,10000.0,BTC,SELL_OR_WAIT,69725.8,0.0,0.0
2026-03-11 01:24:21,10000.0,BTC,SELL_OR_WAIT,70043.5,0.0,0.0
2026-03-11 04:05:15,10000.0,BTC,SELL_OR_WAIT,69529.5,0.0,0.0
2026-03-11 05:44:05,10000.0,BTC,SELL_OR_WAIT,69532.4,0.0,0.0
2026-03-11 06:44:17,10000.0,BTC,SELL_OR_WAIT,69826.2,0.0,0.0
2026-03-11 07:40:03,10000.0,BTC,SELL_OR_WAIT,69555.4,0.0,0.0
2026-03-11 08:34:14,10000.0,BTC,SELL_OR_WAIT,69565.1,0.0,0.0
2026-03-11 09:37:22,10000.0,BTC,SELL_OR_WAIT,69526.9,0.0,0.0
2026-03-11 10:33:38,10000.0,BTC,SELL_OR_WAIT,69510.4,0.0,0.0
2026-03-11 11:29:07,10000.0,BTC,SELL_OR_WAIT,69444.7,0.0,0.0
2026-03-11 12:44:28,10000.0,BTC,SELL_OR_WAIT,69233.6,0.0,0.0
2026-03-11 14:02:54,10000.0,BTC,SELL_OR_WAIT,70712.5,0.0,0.0
2026-03-11 15:42:23,10000.0,BTC,SELL_OR_WAIT,70231.6,0.0,0.0
2026-03-11 16:44:18,10000.0,BTC,SELL_OR_WAIT,70647.4,0.0,0.0
2026-03-11 17:44:47,10000.0,BTC,SELL_OR_WAIT,70818.8,0.0,0.0
2026-03-11 18:46:41,10000.0,BTC,SELL_OR_WAIT,70535.2,0.0,0.0
2026-03-11 19:38:41,10000.0,BTC,SELL_OR_WAIT,70739.6,0.0,0.0
2026-03-11 20:28:48,10000.0,BTC,SELL_OR_WAIT,70437.2,0.0,0.0
2026-03-11 21:27:58,10000.0,BTC,SELL_OR_WAIT,70552.9,0.0,0.0
2026-03-11 22:22:10,10000.0,BTC,SELL_OR_WAIT,70636.8,0.0,0.0
2026-03-11 23:20:16,10000.0,BTC,SELL_OR_WAIT,70372.2,0.0,0.0
2026-03-12 01:24:05,10000.0,BTC,SELL_OR_WAIT,69967.9,0.0,0.0
2026-03-12 04:09:32,10000.0,BTC,SELL_OR_WAIT,69639.4,0.0,0.0
2026-03-12 05:45:56,10000.0,BTC,SELL_OR_WAIT,69495.1,0.0,0.0
2026-03-12 06:46:04,10000.0,BTC,SELL_OR_WAIT,69477.5,0.0,0.0
2026-03-12 07:42:34,10000.0,BTC,SELL_OR_WAIT,69708.8,0.0,0.0
2026-03-12 08:36:08,10000.0,BTC,SELL_OR_WAIT,69829.8,0.0,0.0
2026-03-12 09:37:27,10000.0,BTC,SELL_OR_WAIT,69814.0,0.0,0.0
2026-03-12 10:33:44,10000.0,BTC,SELL_OR_WAIT,70214.3,0.0,0.0
2026-03-12 11:28:38,10000.0,BTC,SELL_OR_WAIT,70439.2,0.0,0.0
2026-03-12 12:44:00,10000.0,BTC,SELL_OR_WAIT,70407.6,0.0,0.0
2026-03-12 13:59:53,10000.0,BTC,SELL_OR_WAIT,69962.6,0.0,0.0
2026-03-12 14:56:17,10000.0,BTC,SELL_OR_WAIT,69457.4,0.0,0.0
2026-03-12 15:55:56,10000.0,BTC,SELL_OR_WAIT,70306.0,0.0,0.0
2026-03-12 16:55:30,10000.0,BTC,SELL_OR_WAIT,70469.5,0.0,0.0
2026-03-12 17:44:50,10000.0,BTC,SELL_OR_WAIT,70368.5,0.0,0.0
2026-03-12 18:44:43,10000.0,BTC,SELL_OR_WAIT,69953.6,0.0,0.0
2026-03-12 19:39:16,10000.0,BTC,SELL_OR_WAIT,70311.4,0.0,0.0
2026-03-12 20:28:44,10000.0,BTC,SELL_OR_WAIT,70322.5,0.0,0.0
2026-03-12 21:27:59,10000.0,BTC,SELL_OR_WAIT,70291.9,0.0,0.0
2026-03-12 22:19:41,10000.0,BTC,SELL_OR_WAIT,70162.6,0.0,0.0
2026-03-12 23:22:30,10000.0,BTC,SELL_OR_WAIT,70729.9,0.0,0.0
2026-03-13 01:27:55,10000.0,BTC,SELL_OR_WAIT,71571.3,0.0,0.0
2026-03-13 04:07:33,10000.0,BTC,SELL_OR_WAIT,71359.6,0.0,0.0
2026-03-13 05:44:23,10000.0,BTC,SELL_OR_WAIT,71603.7,0.0,0.0
2026-03-13 06:44:07,10000.0,BTC,SELL_OR_WAIT,71258.1,0.0,0.0
2026-03-13 07:41:36,10000.0,BTC,SELL_OR_WAIT,71574.3,0.0,0.0
2026-03-13 08:33:47,10000.0,BTC,SELL_OR_WAIT,71691.1,0.0,0.0
2026-03-13 09:34:10,10000.0,BTC,SELL_OR_WAIT,71927.5,0.0,0.0
2026-03-13 10:30:50,10000.0,BTC,SELL_OR_WAIT,72349.0,0.0,0.0
2026-03-13 11:27:07,10000.0,BTC,SELL_OR_WAIT,72408.7,0.0,0.0
2026-03-13 12:43:04,10000.0,BTC,SELL_OR_WAIT,72417.1,0.0,0.0
2026-03-13 13:56:52,10000.0,BTC,SELL_OR_WAIT,73475.0,0.0,0.0
2026-03-13 14:40:53,10000.0,BTC,SELL_OR_WAIT,73522.2,0.0,0.0
2026-03-13 15:37:31,10000.0,BTC,SELL_OR_WAIT,72267.7,0.0,0.0
2026-03-13 16:33:47,10000.0,BTC,SELL_OR_WAIT,71625.9,0.0,0.0
2026-03-13 17:30:56,10000.0,BTC,SELL_OR_WAIT,71618.0,0.0,0.0
2026-03-13 18:33:39,10000.0,BTC,SELL_OR_WAIT,71229.9,0.0,0.0
2026-03-13 19:27:59,10000.0,BTC,SELL_OR_WAIT,71058.5,0.0,0.0
2026-03-13 20:28:10,10000.0,BTC,SELL_OR_WAIT,71299.6,0.0,0.0
2026-03-13 21:28:25,10000.0,BTC,SELL_OR_WAIT,71220.8,0.0,0.0
2026-03-13 22:22:48,10000.0,BTC,SELL_OR_WAIT,70687.2,0.0,0.0
2026-03-13 23:22:35,10000.0,BTC,SELL_OR_WAIT,70869.4,0.0,0.0
2026-03-14 01:26:13,10000.0,BTC,SELL_OR_WAIT,70791.8,0.0,0.0
2026-03-14 04:06:16,10000.0,BTC,SELL_OR_WAIT,71100.5,0.0,0.0
2026-03-14 05:41:32,10000.0,BTC,SELL_OR_WAIT,70978.7,0.0,0.0
2026-03-14 06:39:31,10000.0,BTC,SELL_OR_WAIT,70530.2,0.0,0.0
2026-03-14 07:31:52,10000.0,BTC,SELL_OR_WAIT,70715.4,0.0,0.0
2026-03-14 08:28:55,10000.0,BTC,SELL_OR_WAIT,70655.5,0.0,0.0
2026-03-14 09:27:17,10000.0,BTC,SELL_OR_WAIT,70682.9,0.0,0.0
2026-03-14 10:22:19,10000.0,BTC,SELL_OR_WAIT,70466.5,0.0,0.0
2026-03-14 11:19:34,10000.0,BTC,SELL_OR_WAIT,70668.7,0.0,0.0
2026-03-14 12:37:19,10000.0,BTC,SELL_OR_WAIT,70615.1,0.0,0.0
2026-03-14 13:41:33,10000.0,BTC,SELL_OR_WAIT,70877.6,0.0,0.0
2026-03-14 14:22:42,10000.0,BTC,SELL_OR_WAIT,70777.1,0.0,0.0
2026-03-14 15:22:50,10000.0,BTC,SELL_OR_WAIT,70712.2,0.0,0.0
2026-03-14 16:24:37,10000.0,BTC,SELL_OR_WAIT,70616.8,0.0,0.0
2026-03-14 17:22:32,10000.0,BTC,SELL_OR_WAIT,70692.3,0.0,0.0
2026-03-14 18:29:38,10000.0,BTC,SELL_OR_WAIT,70615.2,0.0,0.0
2026-03-14 19:23:13,10000.0,BTC,SELL_OR_WAIT,70674.3,0.0,0.0
2026-03-14 20:21:38,10000.0,BTC,SELL_OR_WAIT,70720.4,0.0,0.0
2026-03-14 21:21:17,10000.0,BTC,SELL_OR_WAIT,70690.8,0.0,0.0
2026-03-14 22:20:22,10000.0,BTC,SELL_OR_WAIT,70726.8,0.0,0.0
2026-03-14 23:22:24,10000.0,BTC,SELL_OR_WAIT,70994.3,0.0,0.0
2026-03-15 01:51:50,10000.0,BTC,SELL_OR_WAIT,70996.4,0.0,0.0
2026-03-15 04:29:05,10000.0,BTC,SELL_OR_WAIT,71545.6,0.0,0.0
2026-03-15 06:03:10,10000.0,BTC,SELL_OR_WAIT,71567.9,0.0,0.0
2026-03-15 07:41:27,10000.0,BTC,SELL_OR_WAIT,71475.5,0.0,0.0
2026-03-15 08:30:15,10000.0,BTC,SELL_OR_WAIT,71558.5,0.0,0.0
2026-03-15 09:29:24,10000.0,BTC,SELL_OR_WAIT,71825.6,0.0,0.0
2026-03-15 10:24:24,10000.0,BTC,SELL_OR_WAIT,71840.7,0.0,0.0
2026-03-15 11:22:10,10000.0,BTC,SELL_OR_WAIT,71753.7,0.0,0.0
2026-03-15 12:39:06,10000.0,BTC,SELL_OR_WAIT,71723.3,0.0,0.0
2026-03-15 13:43:04,10000.0,BTC,SELL_OR_WAIT,71328.1,0.0,0.0
2026-03-15 14:25:26,10000.0,BTC,SELL_OR_WAIT,71455.0,0.0,0.0
2026-03-15 15:23:45,10000.0,BTC,SELL_OR_WAIT,71534.8,0.0,0.0
2026-03-15 16:25:38,10000.0,BTC,SELL_OR_WAIT,71361.0,0.0,0.0
2026-03-15 17:23:34,10000.0,BTC,SELL_OR_WAIT,71496.9,0.0,0.0
2026-03-15 18:31:06,10000.0,BTC,SELL_OR_WAIT,71818.5,0.0,0.0
2026-03-15 19:23:50,10000.0,BTC,SELL_OR_WAIT,71502.7,0.0,0.0
2026-03-15 20:22:23,10000.0,BTC,SELL_OR_WAIT,71510.0,0.0,0.0
2026-03-15 21:23:21,10000.0,BTC,SELL_OR_WAIT,71729.3,0.0,0.0
2026-03-15 22:22:13,10000.0,BTC,SELL_OR_WAIT,71890.4,0.0,0.0
2026-03-15 23:23:54,10000.0,BTC,SELL_OR_WAIT,72571.0,0.0,0.0
2026-03-16 01:52:45,10000.0,BTC,SELL_OR_WAIT,72745.3,0.0,0.0
2026-03-16 04:36:21,10000.0,BTC,SELL_OR_WAIT,73729.0,0.0,0.0
2026-03-16 06:17:22,10000.0,BTC,SELL_OR_WAIT,73721.9,0.0,0.0
2026-03-16 08:05:22,10000.0,BTC,SELL_OR_WAIT,73661.7,0.0,0.0
2026-03-16 10:00:21,10000.0,BTC,SELL_OR_WAIT,73275.9,0.0,0.0
2026-03-16 11:01:35,10000.0,BTC,SELL_OR_WAIT,73726.6,0.0,0.0
2026-03-16 12:57:43,10000.0,BTC,SELL_OR_WAIT,73868.3,0.0,0.0
2026-03-16 14:21:08,10000.0,BTC,SELL_OR_WAIT,74217.5,0.0,0.0
2026-03-16 16:00:36,10000.0,BTC,SELL_OR_WAIT,73261.8,0.0,0.0
2026-03-16 17:12:28,10000.0,BTC,SELL_OR_WAIT,73818.3,0.0,0.0
2026-03-16 18:54:27,10000.0,BTC,SELL_OR_WAIT,74015.7,0.0,0.0
2026-03-16 19:51:16,10000.0,BTC,SELL_OR_WAIT,73945.4,0.0,0.0
2026-03-16 20:32:41,10000.0,BTC,SELL_OR_WAIT,74033.5,0.0,0.0
2026-03-16 21:34:06,10000.0,BTC,SELL_OR_WAIT,74352.2,0.0,0.0
2026-03-16 22:27:17,10000.0,BTC,SELL_OR_WAIT,74604.6,0.0,0.0
2026-03-16 23:26:32,10000.0,BTC,SELL_OR_WAIT,74570.9,0.0,0.0
2026-03-17 01:29:50,10000.0,BTC,SELL_OR_WAIT,75917.5,0.0,0.0
2026-03-17 04:12:55,10000.0,BTC,SELL_OR_WAIT,74612.3,0.0,0.0
2026-03-17 05:55:48,10000.0,BTC,SELL_OR_WAIT,74069.4,0.0,0.0
2026-03-17 06:57:13,10000.0,BTC,SELL_OR_WAIT,74069.6,0.0,0.0
2026-03-17 07:53:45,10000.0,BTC,SELL_OR_WAIT,74276.7,0.0,0.0
2026-03-17 08:44:18,10000.0,BTC,SELL_OR_WAIT,74421.2,0.0,0.0
2026-03-17 09:51:32,10000.0,BTC,SELL_OR_WAIT,74128.8,0.0,0.0
2026-03-17 10:44:41,10000.0,BTC,SELL_OR_WAIT,73761.4,0.0,0.0
2026-03-17 11:40:15,10000.0,BTC,SELL_OR_WAIT,74099.0,0.0,0.0
2026-03-17 12:58:11,10000.0,BTC,SELL_OR_WAIT,73730.2,0.0,0.0
2026-03-17 14:19:29,10000.0,BTC,SELL_OR_WAIT,73657.7,0.0,0.0
2026-03-17 15:59:58,10000.0,BTC,SELL_OR_WAIT,73925.1,0.0,0.0
2026-03-17 17:09:42,10000.0,BTC,SELL_OR_WAIT,74213.6,0.0,0.0
2026-03-17 18:54:05,10000.0,BTC,SELL_OR_WAIT,74739.6,0.0,0.0
2026-03-17 19:52:16,10000.0,BTC,SELL_OR_WAIT,74539.2,0.0,0.0
2026-03-17 20:33:33,10000.0,BTC,SELL_OR_WAIT,74607.7,0.0,0.0
2026-03-17 21:32:10,10000.0,BTC,SELL_OR_WAIT,74512.9,0.0,0.0
2026-03-17 22:27:30,10000.0,BTC,SELL_OR_WAIT,74428.3,0.0,0.0
2026-03-17 23:27:19,10000.0,BTC,SELL_OR_WAIT,74207.9,0.0,0.0
2026-03-18 01:46:00,10000.0,BTC,SELL_OR_WAIT,74195.0,0.0,0.0
2026-03-18 04:20:19,10000.0,BTC,SELL_OR_WAIT,74399.9,0.0,0.0
2026-03-18 05:59:30,10000.0,BTC,SELL_OR_WAIT,73962.6,0.0,0.0
2026-03-18 07:08:05,10000.0,BTC,SELL_OR_WAIT,73896.0,0.0,0.0
2026-03-18 08:41:04,10000.0,BTC,SELL_OR_WAIT,74059.4,0.0,0.0
2026-03-18 09:47:02,10000.0,BTC,SELL_OR_WAIT,74245.0,0.0,0.0
2026-03-18 10:45:17,10000.0,BTC,SELL_OR_WAIT,73875.2,0.0,0.0
2026-03-18 11:41:21,10000.0,BTC,SELL_OR_WAIT,73041.6,0.0,0.0
2026-03-18 12:57:28,10000.0,BTC,SELL_OR_WAIT,72434.0,0.0,0.0
2026-03-18 14:21:39,9000.0,BTC,BUY_TACTICAL,71939.3,0.013901,1000.0
2026-03-18 16:05:01,8100.0,BTC,BUY_TACTICAL,71356.7,0.026514,900.0
2026-03-18 17:57:05,7938.0,BTC,BUY_DCA,71643.1,0.028775,162.0
2026-03-18 18:57:28,7144.2,BTC,BUY_TACTICAL,71036.4,0.03995,793.8
2026-03-18 19:48:27,6429.78,BTC,BUY_TACTICAL,71045.2,0.050006,714.42
2026-03-18 20:30:09,6301.18,BTC,BUY_DCA,70988.4,0.051818,128.6
2026-03-18 21:29:29,6301.18,BTC,SELL_OR_WAIT,71246.1,0.051818,0.0
2026-03-18 22:27:56,6301.18,BTC,SELL_OR_WAIT,71050.4,0.051818,0.0
2026-03-18 23:26:37,6301.18,BTC,SELL_OR_WAIT,71150.8,0.051818,0.0
2026-03-19 01:46:37,6301.18,BTC,SELL_OR_WAIT,71142.0,0.051818,0.0
2026-03-19 04:18:16,6301.18,BTC,SELL_OR_WAIT,70912.6,0.051818,0.0
2026-03-19 05:54:37,6301.18,BTC,SELL_OR_WAIT,70825.2,0.051818,0.0
2026-03-19 06:51:43,6301.18,BTC,SELL_OR_WAIT,70626.8,0.051818,0.0
2026-03-19 07:43:21,6301.18,BTC,SELL_OR_WAIT,70150.9,0.051818,0.0
2026-03-19 08:36:24,6301.18,BTC,SELL_OR_WAIT,70063.1,0.051818,0.0
2026-03-19 09:37:43,6301.18,BTC,SELL_OR_WAIT,70297.0,0.051818,0.0
2026-03-19 10:34:34,6301.18,BTC,SELL_OR_WAIT,70325.7,0.051818,0.0
2026-03-19 11:31:23,6301.18,BTC,SELL_OR_WAIT,70214.5,0.051818,0.0
2026-03-19 12:51:33,6301.18,BTC,SELL_OR_WAIT,69306.4,0.051818,0.0
2026-03-19 14:05:41,6301.18,BTC,SELL_OR_WAIT,69830.3,0.051818,0.0
2026-03-19 15:48:31,6301.18,BTC,SELL_OR_WAIT,69044.0,0.051818,0.0
2026-03-19 16:52:27,6301.18,BTC,SELL_OR_WAIT,69334.0,0.051818,0.0
2026-03-19 17:50:36,6301.18,BTC,SELL_OR_WAIT,69713.1,0.051818,0.0
2026-03-19 18:48:49,6301.18,BTC,SELL_OR_WAIT,69662.0,0.051818,0.0
2026-03-19 19:43:00,6301.18,BTC,SELL_OR_WAIT,70436.5,0.051818,0.0
2026-03-19 20:30:52,6301.18,BTC,SELL_OR_WAIT,70330.8,0.051818,0.0
2026-03-19 21:30:20,6301.18,BTC,SELL_OR_WAIT,70580.1,0.051818,0.0
2026-03-19 22:22:15,6301.18,BTC,SELL_OR_WAIT,70373.9,0.051818,0.0
2026-03-19 23:24:59,6301.18,BTC,SELL_OR_WAIT,70026.0,0.051818,0.0
2026-03-20 01:28:55,6301.18,BTC,SELL_OR_WAIT,70403.4,0.051818,0.0
2026-03-20 04:09:25,6301.18,BTC,SELL_OR_WAIT,70929.8,0.051818,0.0
2026-03-20 05:47:49,6301.18,BTC,SELL_OR_WAIT,70671.6,0.051818,0.0
2026-03-20 06:46:56,6301.18,BTC,SELL_OR_WAIT,70479.9,0.051818,0.0
2026-03-20 07:42:07,6301.18,BTC,SELL_OR_WAIT,70823.4,0.051818,0.0
2026-03-20 08:34:32,6301.18,BTC,SELL_OR_WAIT,71202.1,0.051818,0.0
2026-03-20 09:35:27,6301.18,BTC,SELL_OR_WAIT,70662.2,0.051818,0.0
2026-03-20 10:32:39,6301.18,BTC,SELL_OR_WAIT,70365.1,0.051818,0.0
2026-03-20 11:27:43,6301.18,BTC,SELL_OR_WAIT,70708.2,0.051818,0.0
2026-03-20 12:43:54,6301.18,BTC,SELL_OR_WAIT,70324.1,0.051818,0.0
2026-03-20 13:58:14,6301.18,BTC,SELL_OR_WAIT,69879.9,0.051818,0.0
2026-03-20 14:43:01,6301.18,BTC,SELL_OR_WAIT,70078.8,0.051818,0.0
2026-03-20 15:37:47,6301.18,BTC,SELL_OR_WAIT,69905.8,0.051818,0.0
2026-03-20 16:36:40,6301.18,BTC,SELL_OR_WAIT,69773.3,0.051818,0.0
2026-03-20 17:32:02,6301.18,BTC,SELL_OR_WAIT,69611.0,0.051818,0.0
2026-03-20 18:39:32,6301.18,BTC,SELL_OR_WAIT,69678.0,0.051818,0.0
2026-03-20 19:34:07,6301.18,BTC,SELL_OR_WAIT,69814.6,0.051818,0.0
2026-03-20 20:25:53,6301.18,BTC,SELL_OR_WAIT,70005.4,0.051818,0.0
2026-03-20 21:25:02,6301.18,BTC,SELL_OR_WAIT,70454.1,0.051818,0.0
2026-03-20 22:22:29,6301.18,BTC,SELL_OR_WAIT,70763.1,0.051818,0.0
2026-03-20 23:23:51,6301.18,BTC,SELL_OR_WAIT,70537.2,0.051818,0.0
2026-03-21 01:24:19,6301.18,BTC,SELL_OR_WAIT,70630.9,0.051818,0.0
2026-03-21 04:00:32,6301.18,BTC,SELL_OR_WAIT,70678.2,0.051818,0.0
2026-03-21 05:10:18,6301.18,BTC,SELL_OR_WAIT,70645.4,0.051818,0.0
2026-03-21 06:35:39,6301.18,BTC,SELL_OR_WAIT,70748.9,0.051818,0.0
2026-03-21 07:29:57,6301.18,BTC,SELL_OR_WAIT,70876.6,0.051818,0.0
2026-03-21 08:25:42,6301.18,BTC,SELL_OR_WAIT,70539.7,0.051818,0.0
2026-03-21 09:26:38,6301.18,BTC,SELL_OR_WAIT,70639.8,0.051818,0.0
2026-03-21 10:20:52,6301.18,BTC,SELL_OR_WAIT,70590.9,0.051818,0.0
2026-03-21 11:18:25,6301.18,BTC,SELL_OR_WAIT,70588.4,0.051818,0.0
2026-03-21 12:35:38,6301.18,BTC,SELL_OR_WAIT,70714.4,0.051818,0.0
2026-03-21 13:38:25,6301.18,BTC,SELL_OR_WAIT,70745.2,0.051818,0.0
2026-03-21 14:21:50,6301.18,BTC,SELL_OR_WAIT,70978.0,0.051818,0.0
2026-03-21 15:20:46,6301.18,BTC,SELL_OR_WAIT,70548.8,0.051818,0.0
2026-03-21 16:22:35,6301.18,BTC,SELL_OR_WAIT,70532.8,0.051818,0.0
2026-03-21 17:21:04,6301.18,BTC,SELL_OR_WAIT,70288.2,0.051818,0.0
2026-03-21 18:28:22,6301.18,BTC,SELL_OR_WAIT,70430.4,0.051818,0.0
2026-03-21 19:19:40,6301.18,BTC,SELL_OR_WAIT,70427.6,0.051818,0.0
2026-03-21 20:19:43,6301.18,BTC,SELL_OR_WAIT,70394.0,0.051818,0.0
2026-03-21 21:19:31,6301.18,BTC,SELL_OR_WAIT,70378.3,0.051818,0.0
2026-03-21 22:18:30,6301.18,BTC,SELL_OR_WAIT,70321.7,0.051818,0.0
2026-03-21 23:19:16,6301.18,BTC,SELL_OR_WAIT,70212.4,0.051818,0.0
2026-03-22 01:45:32,6301.18,BTC,SELL_OR_WAIT,68885.5,0.051818,0.0
2026-03-22 04:14:32,6301.18,BTC,SELL_OR_WAIT,69412.6,0.051818,0.0
2026-03-22 05:49:40,6301.18,BTC,SELL_OR_WAIT,69203.2,0.051818,0.0
2026-03-22 06:42:56,6301.18,BTC,SELL_OR_WAIT,69210.9,0.051818,0.0
2026-03-22 07:35:13,6301.18,BTC,SELL_OR_WAIT,69128.7,0.051818,0.0
2026-03-22 08:28:13,5671.06,BTC,BUY_TACTICAL,68569.5,0.061007,630.12
2026-03-22 09:26:55,5557.64,BTC,BUY_DCA,68672.8,0.062659,113.42
2026-03-22 10:21:55,5446.49,BTC,BUY_DCA,68727.0,0.064276,111.15
2026-03-22 11:19:09,4901.84,BTC,BUY_TACTICAL,68639.9,0.072211,544.65
2026-03-22 12:37:20,4901.84,BTC,SELL_OR_WAIT,68610.1,0.072211,0.0
2026-03-22 13:40:00,4901.84,BTC,SELL_OR_WAIT,68655.3,0.072211,0.0
2026-03-22 14:22:47,4411.66,BTC,BUY_TACTICAL,68819.5,0.079334,490.18
2026-03-22 15:20:53,4411.66,BTC,SELL_OR_WAIT,68939.5,0.079334,0.0
2026-03-22 16:22:46,4323.43,BTC,BUY_DCA,68754.9,0.080617,88.23
2026-03-22 17:20:50,4236.96,BTC,BUY_DCA,68818.9,0.081873,86.47
2026-03-22 18:29:04,3813.26,BTC,BUY_TACTICAL,68692.9,0.088041,423.7
2026-03-22 19:21:29,3736.99,BTC,BUY_DCA,68350.8,0.089157,76.27
2026-03-22 20:20:15,3662.25,BTC,BUY_DCA,68410.3,0.09025,74.74
2026-03-22 21:21:04,3662.25,BTC,SELL_OR_WAIT,67387.2,0.09025,0.0
2026-03-22 22:19:47,3296.03,BTC,BUY_TACTICAL,67986.2,0.095637,366.23
2026-03-22 23:22:01,3296.03,BTC,SELL_OR_WAIT,68159.1,0.095637,0.0
2026-03-23 01:47:18,3230.11,BTC,BUY_DCA,68120.0,0.096605,65.92
2026-03-23 04:24:23,3165.51,BTC,BUY_DCA,68170.1,0.097553,64.6
2026-03-23 06:07:31,3165.51,BTC,SELL_OR_WAIT,68709.8,0.097553,0.0
2026-03-23 07:59:10,3102.2,BTC,BUY_DCA,68329.0,0.09848,63.31
2026-03-23 09:01:57,3102.2,BTC,SELL_OR_WAIT,68384.3,0.09848,0.0
2026-03-23 10:47:57,3102.2,BTC,SELL_OR_WAIT,68423.4,0.09848,0.0
2026-03-23 11:40:16,3040.16,BTC,BUY_DCA,70655.5,0.099358,62.04
2026-03-23 12:53:04,3040.16,BTC,SELL_OR_WAIT,70827.9,0.099358,0.0
2026-03-23 14:13:19,3040.16,BTC,SELL_OR_WAIT,71633.6,0.099358,0.0
2026-03-23 15:55:50,3040.16,BTC,SELL_OR_WAIT,70241.3,0.099358,0.0
2026-03-23 16:52:50,3040.16,BTC,SELL_OR_WAIT,70585.3,0.099358,0.0
2026-03-23 17:47:21,3040.16,BTC,SELL_OR_WAIT,70930.9,0.099358,0.0
2026-03-23 18:44:37,3040.16,BTC,SELL_OR_WAIT,71023.4,0.099358,0.0
2026-03-23 19:44:11,3040.16,BTC,SELL_OR_WAIT,70909.7,0.099358,0.0
2026-03-23 20:33:12,3040.16,BTC,SELL_OR_WAIT,70847.1,0.099358,0.0
2026-03-23 21:30:43,3040.16,BTC,SELL_OR_WAIT,70887.2,0.099358,0.0
2026-03-23 22:26:41,3040.16,BTC,SELL_OR_WAIT,70658.2,0.099358,0.0
2026-03-23 23:27:21,3040.16,BTC,SELL_OR_WAIT,70692.0,0.099358,0.0
2026-03-24 01:27:15,3040.16,BTC,SELL_OR_WAIT,70757.9,0.099358,0.0
2026-03-24 04:13:19,3040.16,BTC,SELL_OR_WAIT,70628.8,0.099358,0.0
2026-03-24 05:56:24,3040.16,BTC,SELL_OR_WAIT,70273.3,0.099358,0.0
2026-03-24 06:59:43,3040.16,BTC,SELL_OR_WAIT,70536.0,0.099358,0.0
2026-03-24 07:56:56,3040.16,BTC,SELL_OR_WAIT,71049.8,0.099358,0.0
2026-03-24 08:51:31,3040.16,BTC,SELL_OR_WAIT,70952.7,0.099358,0.0
2026-03-24 09:51:05,3040.16,BTC,SELL_OR_WAIT,71203.3,0.099358,0.0
2026-03-24 10:44:56,3040.16,BTC,SELL_OR_WAIT,71233.2,0.099358,0.0
2026-03-24 11:41:35,3040.16,BTC,SELL_OR_WAIT,71247.4,0.099358,0.0
2026-03-24 12:58:30,3040.16,BTC,SELL_OR_WAIT,70933.7,0.099358,0.0
2026-03-24 14:20:08,3040.16,BTC,SELL_OR_WAIT,69928.2,0.099358,0.0
2026-03-24 16:01:48,3040.16,BTC,SELL_OR_WAIT,69817.3,0.099358,0.0
2026-03-24 17:51:45,2979.36,BTC,BUY_DCA,69021.1,0.100239,60.8
2026-03-24 18:55:08,2979.36,BTC,SELL_OR_WAIT,69510.9,0.100239,0.0
2026-03-24 19:51:04,2979.36,BTC,SELL_OR_WAIT,69333.7,0.100239,0.0
2026-03-24 20:35:47,2979.36,BTC,SELL_OR_WAIT,70030.8,0.100239,0.0
2026-03-24 21:32:35,2979.36,BTC,SELL_OR_WAIT,70054.9,0.100239,0.0
2026-03-24 22:24:52,2979.36,BTC,SELL_OR_WAIT,70433.2,0.100239,0.0
2026-03-24 23:26:57,2979.36,BTC,SELL_OR_WAIT,70671.5,0.100239,0.0
2026-03-25 01:45:02,2979.36,BTC,SELL_OR_WAIT,70743.9,0.100239,0.0
2026-03-25 04:14:49,2979.36,BTC,SELL_OR_WAIT,70871.7,0.100239,0.0
2026-03-25 05:57:09,2979.36,BTC,SELL_OR_WAIT,71074.7,0.100239,0.0
2026-03-25 07:00:49,2979.36,BTC,SELL_OR_WAIT,71003.9,0.100239,0.0
2026-03-25 08:42:38,2979.36,BTC,SELL_OR_WAIT,71427.2,0.100239,0.0
2026-03-25 09:47:36,2979.36,BTC,SELL_OR_WAIT,71157.0,0.100239,0.0
2026-03-25 10:42:46,2979.36,BTC,SELL_OR_WAIT,71342.2,0.100239,0.0
2026-03-25 11:38:12,2979.36,BTC,SELL_OR_WAIT,71921.8,0.100239,0.0
2026-03-25 12:55:45,2979.36,BTC,SELL_OR_WAIT,71531.3,0.100239,0.0
2026-03-25 14:16:36,2979.36,BTC,SELL_OR_WAIT,71490.7,0.100239,0.0
2026-03-25 16:04:51,2979.36,BTC,SELL_OR_WAIT,70864.4,0.100239,0.0
2026-03-25 17:53:58,2979.36,BTC,SELL_OR_WAIT,70824.6,0.100239,0.0
2026-03-25 18:48:51,2979.36,BTC,SELL_OR_WAIT,70931.2,0.100239,0.0
2026-03-25 19:42:53,2979.36,BTC,SELL_OR_WAIT,71033.5,0.100239,0.0
2026-03-25 20:32:58,2979.36,BTC,SELL_OR_WAIT,70715.2,0.100239,0.0
2026-03-25 21:33:10,2979.36,BTC,SELL_OR_WAIT,70981.8,0.100239,0.0
2026-03-25 22:29:55,2979.36,BTC,SELL_OR_WAIT,71032.5,0.100239,0.0
2026-03-25 23:29:11,2979.36,BTC,SELL_OR_WAIT,71385.0,0.100239,0.0
2026-03-26 01:50:55,2979.36,BTC,SELL_OR_WAIT,71233.7,0.100239,0.0
2026-03-26 04:29:47,2979.36,BTC,SELL_OR_WAIT,70858.8,0.100239,0.0
2026-03-26 06:09:41,2979.36,BTC,SELL_OR_WAIT,70097.4,0.100239,0.0
2026-03-26 07:59:18,2979.36,BTC,SELL_OR_WAIT,70081.4,0.100239,0.0
2026-03-26 09:02:53,2979.36,BTC,SELL_OR_WAIT,69979.0,0.100239,0.0
2026-03-26 10:47:25,2979.36,BTC,SELL_OR_WAIT,69533.3,0.100239,0.0
2026-03-26 11:45:10,2979.36,BTC,SELL_OR_WAIT,69401.1,0.100239,0.0
2026-03-26 13:00:09,2979.36,BTC,SELL_OR_WAIT,69414.0,0.100239,0.0
2026-03-26 14:27:28,2979.36,BTC,SELL_OR_WAIT,69691.7,0.100239,0.0
2026-03-26 16:07:50,2979.36,BTC,SELL_OR_WAIT,69036.0,0.100239,0.0
2026-03-26 17:57:38,2919.77,BTC,BUY_DCA,68591.5,0.101108,59.59
2026-03-26 19:05:15,2627.79,BTC,BUY_TACTICAL,68458.8,0.105373,291.98
2026-03-26 20:31:07,2627.79,BTC,SELL_OR_WAIT,69228.2,0.105373,0.0
2026-03-26 21:26:31,2627.79,BTC,SELL_OR_WAIT,69012.1,0.105373,0.0
2026-03-26 22:22:42,2627.79,BTC,SELL_OR_WAIT,68924.3,0.105373,0.0
2026-03-26 23:27:03,2575.23,BTC,BUY_DCA,68674.7,0.106138,52.56
2026-03-27 01:51:14,2575.23,BTC,SELL_OR_WAIT,68956.3,0.106138,0.0
2026-03-27 04:30:29,2317.71,BTC,BUY_TACTICAL,68515.4,0.109897,257.52
2026-03-27 06:10:04,2271.36,BTC,BUY_DCA,68703.7,0.110572,46.35
2026-03-27 07:57:27,2225.93,BTC,BUY_DCA,68514.4,0.111235,45.43
2026-03-27 08:52:27,2225.93,BTC,SELL_OR_WAIT,68056.9,0.111235,0.0
2026-03-27 09:49:15,2003.34,BTC,BUY_TACTICAL,67810.1,0.114518,222.59
2026-03-27 10:42:10,1963.27,BTC,BUY_DCA,66852.2,0.115117,40.07
2026-03-27 11:38:10,1924.0,BTC,BUY_DCA,66682.0,0.115706,39.27
2026-03-27 12:52:05,1731.6,BTC,BUY_TACTICAL,66580.6,0.118596,192.4
2026-03-27 14:08:27,1558.44,BTC,BUY_TACTICAL,66369.4,0.121205,173.16
2026-03-27 15:45:58,1527.27,BTC,BUY_DCA,66434.3,0.121674,31.17
2026-03-27 16:47:04,1374.54,BTC,BUY_TACTICAL,66157.3,0.123983,152.73
2026-03-27 17:44:46,1237.09,BTC,BUY_TACTICAL,65662.9,0.126076,137.45
2026-03-27 18:48:35,1113.38,BTC,BUY_TACTICAL,65860.8,0.127954,123.71
2026-03-27 19:38:27,1002.04,BTC,BUY_TACTICAL,65998.3,0.129641,111.34
2026-03-27 20:32:12,901.84,BTC,BUY_TACTICAL,65870.2,0.131162,100.2
2026-03-27 21:29:00,883.8,BTC,BUY_DCA,66149.9,0.131435,18.04
2026-03-27 22:26:03,795.42,BTC,BUY_TACTICAL,65968.7,0.132775,88.38
2026-03-27 23:26:42,779.51,BTC,BUY_DCA,66185.4,0.133015,15.91
2026-03-28 01:43:07,779.51,BTC,SELL_OR_WAIT,66160.1,0.133015,0.0
2026-03-28 04:14:26,763.92,BTC,BUY_DCA,66136.9,0.133251,15.59
2026-03-28 05:53:24,763.92,BTC,SELL_OR_WAIT,66360.8,0.133251,0.0
2026-03-28 06:52:01,763.92,BTC,SELL_OR_WAIT,66380.6,0.133251,0.0
2026-03-28 07:40:59,763.92,BTC,SELL_OR_WAIT,66450.9,0.133251,0.0
2026-03-28 08:32:54,763.92,BTC,SELL_OR_WAIT,66553.7,0.133251,0.0
2026-03-28 09:31:24,748.64,BTC,BUY_DCA,66362.5,0.133481,15.28
2026-03-28 10:26:08,733.67,BTC,BUY_DCA,66254.9,0.133707,14.97
2026-03-28 11:24:20,733.67,BTC,SELL_OR_WAIT,66267.1,0.133707,0.0
2026-03-28 12:40:10,719.0,BTC,BUY_DCA,66342.7,0.133928,14.67
2026-03-28 13:46:18,647.1,BTC,BUY_TACTICAL,66891.1,0.135003,71.9
2026-03-28 14:27:28,634.16,BTC,BUY_DCA,66836.0,0.135197,12.94
2026-03-28 15:26:14,570.74,BTC,BUY_TACTICAL,67121.8,0.136142,63.42
2026-03-28 16:26:56,559.33,BTC,BUY_DCA,67083.9,0.136312,11.41
2026-03-28 17:23:59,548.14,BTC,BUY_DCA,66856.9,0.136479,11.19
2026-03-28 18:32:26,537.18,BTC,BUY_DCA,66904.3,0.136643,10.96
2026-03-28 19:25:49,526.44,BTC,BUY_DCA,66863.9,0.136804,10.74
2026-03-28 20:23:12,515.91,BTC,BUY_DCA,66966.2,0.136961,10.53
2026-03-28 21:25:02,464.32,BTC,BUY_TACTICAL,66840.0,0.137733,51.59
2026-03-28 22:22:40,455.03,BTC,BUY_DCA,66768.0,0.137872,9.29
2026-03-28 23:26:07,409.53,BTC,BUY_TACTICAL,66430.2,0.138557,45.5
2026-03-29 01:53:32,401.34,BTC,BUY_DCA,66582.1,0.13868,8.19
2026-03-29 04:33:59,393.31,BTC,BUY_DCA,66787.9,0.1388,8.03
2026-03-29 06:09:35,393.31,BTC,SELL_OR_WAIT,66864.8,0.1388,0.0
2026-03-29 07:50:14,385.44,BTC,BUY_DCA,66669.3,0.138918,7.87
2026-03-29 08:33:52,385.44,BTC,SELL_OR_WAIT,66718.2,0.138918,0.0
2026-03-29 09:31:45,377.73,BTC,BUY_DCA,66697.3,0.139034,7.71
2026-03-29 10:27:15,339.96,BTC,BUY_TACTICAL,66490.1,0.139602,37.77
2026-03-29 11:24:06,305.96,BTC,BUY_TACTICAL,66778.6,0.140111,34.0
2026-03-29 12:41:00,299.84,BTC,BUY_DCA,66781.9,0.140203,6.12
